category,total,website_recorded,phone_recorded,images_in_standard_fields
abogados,100,0,0,0
agentes-inmobiliarios,70,11,15,0
aire-acondicionado,100,0,0,0
auxilio-mecanico,71,11,16,0
barberias,100,0,0,0
camaras-de-seguridad,97,3,4,0
car-wash,74,3,15,0
carpinteros,100,23,72,0
catering,70,10,14,0
cerrajeros,95,26,63,0
contadores,79,2,3,0
dentistas,100,13,19,0
dermatologos,100,0,0,0
doctores,100,20,30,0
electricistas,3,0,0,0
fisioterapia,76,12,18,0
fotografia-eventos,100,0,0,0
fumigacion,31,7,8,0
gasfiteros,81,26,54,0
ginecologos,75,3,5,0
llanterias,51,3,4,0
mudanzas,100,0,0,0
notarias,100,0,0,0
nutricionistas,100,0,0,0
oftalmologos,100,0,0,0
pediatras,100,0,0,0
pintores,100,31,63,0
psicologos,100,0,0,0
reparacion-celulares,100,2,3,0
reparacion-laptops,100,0,0,0
reparacion-lavadoras,78,0,1,0
reparacion-refrigeradoras,73,10,17,0
salones-de-belleza,100,0,0,0
spas,100,0,0,0
talleres-mecanicos,74,10,20,0
tortas-personalizadas,100,0,0,0
veterinarias,70,0,0,0
vidrierias,100,0,0,0
